INSERT INTO especies (nombre_generico, nombre_cientifico, familia, info_trabajadores, cuidados_especificos, explicacion) VALUES
('Elefante', 'Loxodonta africana', 'Elefantidae', 'Se requieren cuidadores especializados.', 'Requieren una dieta rica en fibra y agua.', 'Es el mamífero terrestre más grande del planeta.'),
('Jirafa', 'Giraffa camelopardalis', 'Giraffidae', 'Cuidadores con experiencia en herbívoros grandes.', 'Necesitan acceso a árboles altos para alimentarse.', 'Es el animal terrestre más alto del mundo.'),
('León', 'Panthera leo', 'Felidae', 'Cuidadores entrenados en felinos.', 'Alimentación rica en proteínas y ejercicio regular.', 'Es conocido como el rey de la selva.'),
('Cebra', 'Equus zebra', 'Equidae', 'Cuidadores expertos en equinos.', 'Requieren mucho pasto y agua.', 'Son conocidas por sus rayas negras y blancas.'),
('Tigre', 'Panthera tigris', 'Felidae', 'Cuidadores entrenados en grandes felinos.', 'Alimentación rica en carne.', 'Es el mayor felino del mundo.'),
('Rinoceronte', 'Rhinocerotidae', 'Rhinocerotidae', 'Cuidadores especializados en animales grandes.', 'Necesitan baños de barro y mucha agua.', 'Son animales grandes con un cuerno en su nariz.'),
('Gorila', 'Gorilla gorilla', 'Hominidae', 'Cuidadores con experiencia en primates.', 'Se alimentan de vegetales y frutas.', 'El gorila es el primate más grande y fuerte.'),
('Cocodrilo', 'Crocodylus niloticus', 'Crocodylidae', 'Cuidadores con experiencia en reptiles.', 'Requieren mucho calor y agua.', 'Los cocodrilos son reptiles muy antiguos.'),
('Búfalo', 'Syncerus caffer', 'Bovidae', 'Cuidadores expertos en bovinos.', 'Se alimentan principalmente de pasto.', 'Son animales de gran tamaño con cuernos robustos.'),
('Águila', 'Aquila chrysaetos', 'Accipitridae', 'Cuidadores con experiencia en aves rapaces.', 'Necesitan un espacio amplio para volar.', 'El águila real es una de las aves rapaces más poderosas.'),
('Cebra de montaña', 'Equus zebra zebra', 'Equidae', 'Requiere un cuidado adecuado de las pezuñas y el pelaje.', 'Alimentación variada con alto contenido de fibra.', 'Habita en las montañas de África.'),
('Lince', 'Lynx lynx', 'Felidae', 'Requiere expertos en grandes felinos', 'Carnívoro que requiere espacio para cazar.', 'Es conocido por sus orejas con penachos de pelo.'),
('Panda', 'Ailuropoda melanoleuca', 'Ursidae', 'Cuidadores con formación en mamíferos herbívoros.', 'Alimentación exclusiva de bambú.', 'El panda es un símbolo de la conservación.'),
('Canguro', 'Macropus rufus', 'Macropodidae', 'Cuidadores especializados en marsupiales.', 'Necesita mucho espacio para saltar.', 'Es uno de los mamíferos más conocidos de Australia.'),
('Kangaroo', 'Macropus giganteus', 'Macropodidae', 'Cuidadores expertos en marsupiales.', 'Alimentación basada en hierbas.', 'Habita las áreas abiertas de Australia.'),
('Oso polar', 'Ursus maritimus', 'Ursidae', 'Requiere cuidadores entrenados en climas fríos.', 'Alimentación de focas y otros mamíferos marinos.', 'Es uno de los mamíferos más grandes del Ártico.'),
('Pingüino', 'Aptenodytes forsteri', 'Spheniscidae', 'Cuidadores entrenados en aves marinas.', 'Alimentación basada en peces y calamares.', 'Es una especie adaptada a la vida en el frío polar.'),
('Jaguar', 'Panthera onca', 'Felidae', 'Cuidadores con experiencia en felinos grandes.', 'Requiere una dieta alta en proteínas.', 'Es el felino más grande de América.'),
('Oso pardo', 'Ursus arctos', 'Ursidae', 'Cuidadores con conocimientos en osos.', 'Consume una dieta variada, incluyendo bayas, raíces y carne.', 'Habita bosques en todo el hemisferio norte.'),
('Serpiente pitón', 'Python reticulatus', 'Pythonidae', 'Cuidadores con experiencia en reptiles.', 'Alimentación basada en roedores y aves.', 'Es una de las serpientes más grandes del mundo.'),
('Chita', 'Acinonyx jubatus', 'Felidae', 'Cuidadores con experiencia en felinos rápidos.', 'Requiere una dieta alta en proteínas.', 'Es el mamífero terrestre más rápido.');


INSERT INTO cuidadores (nombre, primer_apellido, segundo_apellido, dni, telefono) VALUES
('Carlos', 'López', 'Martínez', '12345678A', '666111222'),
('Ana', 'Pérez', 'González', '23456789B', '666333444'),
('Juan', 'Martín', 'Sánchez', '34567890C', '666555666'),
('Lucía', 'Rodríguez', 'García', '45678901D', '666777888'),
('Pedro', 'Gómez', 'Fernández', '56789012E', '666999000'),
('Maria', 'Hernández', 'López', '67890123F', '666444333'),
('José', 'Sánchez', 'Álvarez', '78901234G', '666555777'),
('Miguel', 'Torres', 'Pérez', '89012345H', '666888999'),
('Raúl', 'Martínez', 'Jiménez', '90123456I', '666222444'),
('Sofia', 'Jiménez', 'Mora', '01234567J', '666555888');


INSERT INTO voluntarios (nombre, primer_apellido, segundo_apellido, dni, telefono, fecha_nacimiento) VALUES
('Pedro', 'Sánchez', 'Rodríguez', '45678901D', '600123456', '1995-06-15'),
('Maria', 'Gómez', 'Ruiz', '56789012E', '600654321', '1998-02-25'),
('Lucía', 'Rodríguez', 'Vázquez', '67890123F', '600987654', '1997-10-10'),
('José', 'Martínez', 'Díaz', '78901234G', '600456123', '2000-05-15'),
('Rosa', 'González', 'Mora', '89012345H', '600321987', '1992-11-30'),
('Santiago', 'Álvarez', 'Gómez', '90123456I', '600753456', '1996-03-05'),
('Elena', 'Torres', 'Pérez', '01234567J', '600214365', '1995-08-20'),
('Alberto', 'Ramírez', 'Vega', '12345678K', '600789123', '1993-02-10'),
('Clara', 'Cordero', 'González', '23456789L', '600654987', '1994-12-01'),
('Antonio', 'Moreno', 'Villar', '34567890M', '600321654', '1997-06-25');


INSERT INTO ejemplares (id_especie, padre, madre, nombre, fecha_nacimiento, fecha_muerte) VALUES
(3, NULL, NULL, 'Eliot Jr.', '2024-01-10', NULL),
(4, NULL, NULL, 'Zara Jr.', '2023-09-12', NULL),
(3, NULL, NULL, 'Killer', '2016-03-10', NULL),
(3, NULL, NULL, 'Zara IV', '2023-05-18', NULL),
(2, NULL, NULL, 'Taurus III', '2022-08-15', NULL),
(2, NULL, NULL, 'Taurus II', '2022-05-06', NULL),
(3, NULL, NULL, 'Milo III', '2023-04-20', NULL),
(2, NULL, NULL, 'Rex', '2023-06-10', NULL),
(1, NULL, NULL, 'Simba', '2017-09-01', NULL),
(4, 1, NULL, 'Simba', '2021-09-12', NULL),
(1, 2, 3, 'Timon', '2017-08-03', NULL),
(4, 1, 4, 'Simba', '2021-09-12', NULL),
(1, 1, 2, 'Simba', '2017-02-25', NULL),
(2, 7, 8, 'Zeus', '2017-05-06', NULL),
(2, 9, NULL, 'Ares II', '2021-02-18', NULL),
(3, 5, NULL, 'Rina II', '2024-03-12', NULL),
(1, 3, 4, 'Zazu', '2018-02-01', NULL),
(4, NULL, NULL, 'Vera III', '2023-06-17', NULL),
(2, 9, NULL, 'Rex Jr.', '2023-03-10', NULL),
(4, 2, NULL, 'Mia II', '2023-06-15', NULL),
(1, 2, 3, 'Leo II', '2019-06-01', NULL),
(4, 1, NULL, 'Rina', '2022-05-18', NULL),
(3, 6, NULL, 'Olga Jr.', '2022-11-20', NULL),
(4, 2, 3, 'Taurus II', '2023-07-18', NULL),
(4, NULL, 1, 'Zara', '2023-09-12', NULL),
(3, 6, 7, 'Zara III', '2023-07-22', NULL),
(1, 2, NULL, 'Taurus II', '2023-05-07', NULL),
(2, 8, NULL, 'Zeus III', '2021-06-25', NULL),
(1, 1, 3, 'Simba II', '2020-02-20', NULL),
(4, 2, 3, 'Zeus', '2021-12-14', NULL);


INSERT INTO habilitados (id_especie, id_cuidador) VALUES
(3, 1),
(5, 3),
(1, 4),
(7, 2),
(6, 5),
(4, 6),
(8, 7),
(2, 8),
(1, 9),
(5, 10),
(10, 1),
(3, 2),
(4, 3),
(2, 4),
(9, 5),
(7, 6),
(8, 7),
(6, 8),
(10, 9),
(1, 10);


INSERT INTO encargados (id_ejemplar, id_cuidador) VALUES
(3, 2),
(4, 1),
(5, 4),
(6, 3),
(7, 5),
(8, 6),
(9, 7),
(10, 8),
(1, 9),
(2, 10),
(4, 6),
(1, 3),
(7, 2),
(10, 5),
(9, 4),
(6, 7),
(5, 9),
(8, 3),
(2, 1),
(3, 10);


INSERT INTO preferencias (id_ejemplar, id_voluntario) VALUES
(10, 1),
(3, 7),
(2, 3),
(1, 4),
(5, 2),
(6, 10),
(9, 6),
(7, 8),
(4, 9),
(8, 5),
(10, 3),
(1, 2),
(6, 4),
(5, 9),
(3, 5),
(2, 8),
(4, 1),
(9, 7),
(7, 6),
(8, 10),
(6, 2);


INSERT INTO visitas (id_ejemplar, id_cuidador, id_voluntario, fecha_hora, incidencias) VALUES
(3, 2, 1, '2025-03-20 09:00:00', 'Ninguna incidencia'),
(4, 1, 2, '2025-03-20 10:00:00', 'Revisión del estado de salud'),
(5, 4, 3, '2025-03-20 11:00:00', 'Alimentación adecuada'),
(6, 3, 4, '2025-03-20 12:00:00', 'Limpieza de jaula'),
(7, 5, 5, '2025-03-20 13:00:00', 'Revisión general'),
(8, 6, 6, '2025-03-20 14:00:00', 'Se observa un pequeño corte en la pata'),
(9, 7, 7, '2025-03-20 15:00:00', 'Verificación de salud'),
(10, 8, 8, '2025-03-20 16:00:00', 'Incidencia en la alimentación'),
(1, 9, 9, '2025-03-20 17:00:00', 'Revisión de la salud general'),
(2, 10, 10, '2025-03-20 18:00:00', 'Observación general');
